"keggcom","text"
"https://www.kegg.jp/entry/C05443","Context:                    Vitamin D3 might benefit prostate cancer (PCa) patients because prostate cells can locally synthesize the active hormone calcitriol."
"https://www.kegg.jp/entry/C02477","Prediagnostic serum concentrations of DBP were assayed for 950 cases and 964 matched controls with existing 25(OH)D measurements within the Alpha-Tocopherol, Beta-Carotene Cancer Prevention Study of Finnish men."
"https://www.kegg.jp/entry/C05443","Vitamin D3 and the risk of CVD in overweight and obese women: a randomised controlled trial"
"https://www.kegg.jp/entry/C00072","Ascorbic acid can be used as a nutritional supplement for cellular therapy of bone-related disease."
"https://www.kegg.jp/entry/C00089","Sucrose, fructose, glucose, and their link to metabolic syndrome and cancer"
"https://www.kegg.jp/entry/C16439","Protein Ingestion Induces Muscle Insulin Resistance Independent of Leucine-Mediated mTOR Activation"
"https://www.kegg.jp/entry/C00153","Nicotinamide improves glucose metabolism and affects the hepatic NAD-sirtuin pathway in a rodent model of obesity and type 2 diabetes"
"https://www.kegg.jp/entry/C00369","Funding:                    European Union, Cancer Research UK, Bayer Corporation, National Starch and Chemical Co, UK Medical Research Council, Newcastle Hospitals Trustees, Cancer Council of Victoria Australia, THRIPP South Africa, The Finnish Cancer Foundation, SIAK Switzerland, and Bayer Pharma."
"https://www.kegg.jp/entry/C00255","Riboflavin at 200 and 400 μmol/L significantly enhanced cell growth in test lung cancer cell lines, and at 400 μmol/L significantly increased the release of interleukin-6, tumor necrosis factor-alpha, and vascular endothelial growth factor."
"https://www.kegg.jp/entry/C00255","Riboflavin at high doses enhances lung cancer cell proliferation, invasion, and migration"
"https://www.kegg.jp/entry/C00504","Folic acid (vitamin B9) rich sources are leafy green vegetables, legumes, whole grains, egg yolk, liver, and citrus fruit."
"https://www.kegg.jp/entry/C00318","L-Carnitine status in end-stage renal disease patients on automated peritoneal dialysis"
"https://www.kegg.jp/entry/C00378","Objective:                    Thiamine or vitamin B1 deficiency diminishes thiamine-dependent enzymatic activity, alters mitochondrial function, impairs oxidative metabolism, and causes selective neuronal death."
"https://www.kegg.jp/entry/C00025","Glutamate production is diminished in an incretin-unresponsive, insulin-secreting β cell line and pancreatic islets of animal models of human diabetes and obesity."
"https://www.kegg.jp/entry/C00378","Thiamine has been hypothesized to play an important role in mental health; however, few studies have investigated the association between thiamine nutritional status and depression in the general population."
"https://www.kegg.jp/entry/C00378","Thiamine is crucial for normal auditory development and function, and its deficiency may be considered an acquired metabolic cause of ANSD in infants."
"https://www.kegg.jp/entry/C00062","Conclusions:                    L-Arginine supplementation affects zinc status in obese patients."
"https://www.kegg.jp/entry/C01673","Calcitriol [1,25(OH)2D3], the hormonally active form of vitamin D exerts anti-proliferative, pro-apoptotic, anti-inflammatory effects and other anticancer actions in breast cancer (BCa) cell cultures and animal models of BCa."
"https://www.kegg.jp/entry/C00072","Ascorbate prevents placental oxidative stress and enhances birth weight in hypoxic pregnancy in rats"
"https://www.kegg.jp/entry/C00120","Biotin and folate supplementation could compensate for each other's deficiency in the repression of LTRs in Jurkat and U937 cells."
"https://www.kegg.jp/entry/C01673","Objectives:                    To investigate the association between insulin resistance and inflammatory markers, and assessing the effects of oral Calcitriol on inflammatory cytokines in type 2 diabetic patients."
"https://www.kegg.jp/entry/C00504","Folic acid and cancer--where are we today?"
"https://www.kegg.jp/entry/C00183","In accordance, well-known microbial production bacteria, such as Escherichia coli and Corynebacterium glutamicum strains, have recently been metabolically engineered for efficient L-valine production under aerobic or anaerobic conditions, and the respective cultivation and production conditions have been optimized."
"https://www.kegg.jp/entry/C00153","Nicotinamide (NAM) is the amide of nicotinic acid and a predominant precursor for NAD(+) biosynthesis via the salvage pathway."
"https://www.kegg.jp/entry/C00155","Conclusion:                    Homocysteine is unlikely to be causally related to arterial stiffness, because there was no association with genetic variants causing hyperhomocysteinemia, whereas non-genetically determined hyperhomocysteinemia was associated with arterial stiffness."
"https://www.kegg.jp/entry/C00037","Glycine and four metabolites found to be significantly associated with regional adiposity were additionally associated with HOMA-IR."
"https://www.kegg.jp/entry/C00255","Excess Vitamin Intake before Starvation does not Affect Body Mass, Organ Mass, or Blood Variables but Affects Urinary Excretion of Riboflavin in Starving Rats"
"https://www.kegg.jp/entry/C00072","Ascorbic acid and its relationship with periodontal disease are very well known."
"https://www.kegg.jp/entry/C00072","Ascorbic acid: new role of an age-old micronutrient in the management of periodontal disease in older adults"
"https://www.kegg.jp/entry/C00025","Results:                    Glutamate taken up from the maternal and fetal circulations was primarily converted into glutamine the majority of which was released into the maternal circulation."
"https://www.kegg.jp/entry/C00440","5-Methyltetrahydrofolate, SAM, and SAM/S-adenosylhomocysteine ratios were lower in FASD and Mthfr(+/-) livers."
"https://www.kegg.jp/entry/C00504","Design:                    Folic acid-supplemented diet (FASD, 10-fold higher than recommended) and control diet were fed to male Mthfr(+/+) and Mthfr(+/-) mice for 6 mo to assess gene-nutrient interactions."
"https://www.kegg.jp/entry/C00016","Transcriptional regulation of the albumin gene depends on the removal of histone methylation marks by the FAD-dependent monoamine oxidase lysine-specific demethylase 1 in HepG2 human hepatocarcinoma cells"
"https://www.kegg.jp/entry/C05443","Vitamin D3 and beta-carotene deficiency is associated with risk of esophageal squamous cell carcinoma - results of a case-control study in China"
"https://www.kegg.jp/entry/C16439","Leucine supplementation had effects that were intermediate between HP and AP with regard to body composition, liver TG content, insulin sensitivity, REE and feed energy efficiency, and similar effects as HP on SM protein synthesis."
"https://www.kegg.jp/entry/C16439","Leucine supplementation had no effect on liver lipogenesis and white fat lipolysis compared to AP. It is concluded that the essential amino acid leucine is able to mimic part but not all beneficial metabolic effects of HP diets."
"https://www.kegg.jp/entry/C00072","Ascorbic acid, cognitive function, and Alzheimer&#39;s disease: a current review and future direction"
"https://www.kegg.jp/entry/C00182","Glycogen levels in liver and skeletal muscle assessed non-invasively using magnetic resonance spectroscopy after a 48-h pre-study period including a standardized diet and withdrawal from exercise did not differ between individuals with well-controlled Type 1 DM and matched healthy controls."
"https://www.kegg.jp/entry/C00155","Homocysteine and serotonin: association with postpartum depression"
"https://www.kegg.jp/entry/C00504","Folic acid (isolated or in combination with other vitamins and minerals) reduces the total risk for neural tube defects by 72%."
"https://www.kegg.jp/entry/C00504","Conclusions:                    Folic acid or vitamin B-12 supplementation did not reduce the burden of common childhood infections."
"https://www.kegg.jp/entry/C00504","Folic acid and vitamin B-12 supplementation and common infections in 6-30-mo-old children in India: a randomized placebo-controlled trial"
"https://www.kegg.jp/entry/C00255","Riboflavin supplementation to patients with multiple sclerosis does not improve disability status nor is riboflavin supplementation correlated to homocysteine"
"https://www.kegg.jp/entry/C00714","Pectin slightly decreased iron uptake (p = NS)."
"https://www.kegg.jp/entry/C05443","Background:                    Vitamin D3 and its analogues have recently been shown to enhance the anti-tumour effects of 5- Fluorouracil (5-FU) both in vitro and in xenograft mouse model of colon cancer."
"https://www.kegg.jp/entry/C05443","Vitamin D3 enhances the tumouricidal effects of 5-Fluorouracil through multipathway mechanisms in azoxymethane rat model of colon cancer"
"https://www.kegg.jp/entry/C00089","Sucrose malabsorption and impaired mucosal integrity in enterally fed critically ill patients: a prospective cohort observational study"
"https://www.kegg.jp/entry/C00037","Glycine/taurine-conjugated primary BAs increased over time in ICU (P &lt; 0.01), similarly for the two groups."
"https://www.kegg.jp/entry/C00155","Homocysteine and vitamin B12 status and iron deficiency anemia in female university students from Gaza Strip, Palestine"
"https://www.kegg.jp/entry/C02477","We conducted a nested case-control analysis within the Alpha-Tocopherol, Beta-Carotene Cancer Prevention (ATBC) Study to examine whether circulating DBP concentration was prospectively associated with risk of renal cell carcinoma, and whether it modified the association with 25(OH)D."
"https://www.kegg.jp/entry/C00504","Folic acid and autism: What do we know?"
"https://www.kegg.jp/entry/C00504","Folic acid taken in early pregnancy can prevent neural tube defects."
"https://www.kegg.jp/entry/C00504","Folic acid fortification prevents neural tube defects and may also reduce cancer risks"
"https://www.kegg.jp/entry/C00116","Glycerol is an important metabolite for the control of lipid accumulation in white adipose tissue (WAT) and liver."
"https://www.kegg.jp/entry/C05443","The largest randomized controlled trial published so far, the VITdAL-ICU (Effect of High-dose Vitamin D3 on Hospital Length of Stay in Critically Ill Patients with Vitamin D Deficiency) trial, showed no benefits on mortality in its primary analysis."
"https://www.kegg.jp/entry/C00714","Pectin is a prebiotic with health-promoting effects, such as control of glucose homeostasis and lipid metabolism, although other possible health effects and the prevention of obesity have been poorly studied."
"https://www.kegg.jp/entry/C00714","High-Esterified Pectin Reverses Metabolic Malprogramming, Improving Sensitivity to Adipostatic/Adipokine Hormones"
"https://www.kegg.jp/entry/C00255","Riboflavin Supplementation in Patients with Crohn&#39;s Disease [the RISE-UP study]"
"https://www.kegg.jp/entry/C00068","The level of NTKZ and %TPP were statistically different between the analyzed groups, showing the deficit of vitamin B1 in the group of moderate-to-severe active CD patients (Mean ± SD; NTKZ: 1.99 ± 0.87 vs. 1.54 ± 0.62 U/g Hb; % of TPP: 0.15 ± 0.78 vs. 54.90 ± 38.80)."
"https://www.kegg.jp/entry/C00037","Glycine intake was significantly associated with an increased risk of mortality from total and ischemic stroke in men without history of hypertension at baseline; the HRs (95% CIs) for the highest vs. lowest tertile were 1.60 (0.97, 2.51; P-trend: 0.03) and 1.88 (1.01, 3.52; P-trend: 0.02), respectively."
"https://www.kegg.jp/entry/C00378","Thiamine responsive acute life threatening metabolic acidosis in exclusively breast-fed infants"
"https://www.kegg.jp/entry/C00089","Sucrose and starch intake contribute to reduced alveolar bone height in a rodent model of naturally occurring periodontitis"
"https://www.kegg.jp/entry/C00089","Dysregulation of PP2A-Akt interaction contributes to Sucrose non-fermenting related kinase (SNRK) deficiency induced insulin resistance in adipose tissue"
"https://www.kegg.jp/entry/C00120","Biotin interferences have been reported for high-sensitive troponin T (hsTnT) and thyroid-stimulating hormone (TSH) assays."
"https://www.kegg.jp/entry/C00120","Biotin interference: evaluation of a new generation of electrochemiluminescent immunoassays for high-sensitive troponin T and thyroid-stimulating hormone testing"
"https://www.kegg.jp/entry/C00089","Background/objectives:                    Sucrose-sweetened soft drinks (SSSDs) are associated with the development of metabolic disorders."
"https://www.kegg.jp/entry/C00016","Twenty-four biopsy-proven paediatric NAFLD cases and eight obese controls without biochemical or radiological evidence of NAFLD completed a 24-h dietary recall, a Physical Activity Questionnaire (PAQ), a Dutch Eating Behavior Questionnaire (DEBQ) and a 7-day food and activity diary (FAD), in conjunction with wearing a pedometer."
"https://www.kegg.jp/entry/C00155","Buccal Cytome Biomarkers and Their Association with Plasma Folate, Vitamin B12 and Homocysteine in Alzheimer&#39;s Disease"
"https://www.kegg.jp/entry/C02477","Prediagnostic serum DBP and 25(OH)D were studied in relation to risk of pancreatic cancer in a nested case-control study of 234 cases and 234 controls in the Alpha-Tocopherol, Beta-Carotene Cancer Prevention Study of Finnish men."
"https://www.kegg.jp/entry/C05443","Vitamin D3 was protective against vitamin D deficiency-induced cholesterol increase by maintaining the transcriptional activity of VDR and Insig-2 expression."
"https://www.kegg.jp/entry/C00504","Folic acid fortification and colorectal cancer risk"
"https://www.kegg.jp/entry/C00155","Homocysteine--is it still an important risk factor for cardiovascular disease?"
"https://www.kegg.jp/entry/C00253","Nicotinic acid, also known as niacin, is the water soluble vitamin B3 used for decades for the treatment of dyslipidemic diseases."
"https://www.kegg.jp/entry/C00072","Ascorbic acid supplementation improves postprandial glycaemic control and blood pressure in individuals with type 2 diabetes: Findings of a randomized cross-over trial"
"https://www.kegg.jp/entry/C01673","Calcitriol increases Dicer expression and modifies the microRNAs signature in SiHa cervical cancer cells"
"https://www.kegg.jp/entry/C00318","L-Carnitine supplementation improved clinical status without changing oxidative stress and lipid profile in women with knee osteoarthritis"
"https://www.kegg.jp/entry/C00864","Pantothenic acid refeeding diminishes the liver, perinephrical fats, and plasma fats accumulated by pantothenic acid deficiency and/or ethanol consumption"
"https://www.kegg.jp/entry/C02477","We conducted a pooled, nested case-control study of cohort participants from the Prostate, Lung, Colorectal, and Ovarian Cancer Screening Trial, the Alpha-Tocopherol, Beta-Carotene Cancer Prevention Study, and the Cancer Prevention Study II Nutrition Cohort to investigate whether prediagnostic serum leptin was associated with pancreatic cancer."
"https://www.kegg.jp/entry/C05443","Vitamin D3 supplementation does not improve glucose metabolism in ageing subjects with prediabetes but may have modest anti-inflammatory effects."
"https://www.kegg.jp/entry/C00016","These findings suggest that feeding either Fe or DHA/EPA alone to adult rats with both ID and (n-3)FAD affects the DA and 5-HT pathways differently than combined repletion and exacerbates the cognitive deficits associated with combined deficiency."
"https://www.kegg.jp/entry/C00016","Concurrent deficiencies of iron (Fe) (ID) and (n-3) fatty acids [(n-3)FAD)] in rats can alter brain monoamine pathways and impair learning and memory."
"https://www.kegg.jp/entry/C00016","These results suggest that the combined deficiencies of Fe and (n-3) FA disrupt brain monoamine metabolism and produce greater deficits in reference memory than ID or (n-3)FAD alone."
"https://www.kegg.jp/entry/C00016","Deficiencies of iron (Fe) (ID) and (n-3) fatty acids (FA) [(n-3)FAD] may impair brain development and function through shared mechanisms."
"https://www.kegg.jp/entry/C02477","With vitamin E being identified as a 'shortfall nutrient' because &gt;90% of American adults are not consuming recommended amounts of vitamin E, we aimed to determine the prevalence of both clinical vitamin E deficiency (serum α-tocopherol concentration &lt; 12 μmol/L) and failure to meet a criterion of vitamin E adequacy, serum α-tocopherol concentration of 30 μmol/L, based on the Estimated Average Requirement (EAR) and lowest mortality rate in the Alpha-Tocopherol Beta-Carotene (ATBC) study."
"https://www.kegg.jp/entry/C00318","Deficiency of L-Carnitine has been proposed to cause cancer cachexia."
"https://www.kegg.jp/entry/C00318","Findings:                    We screened 152 and enrolled 72 patients suffering from advanced pancreatic cancer in a prospective, multi-centre, placebo-controlled, randomized and double-blinded trial to receive oral L-Carnitine (4 g) or placebo for 12 weeks."
"https://www.kegg.jp/entry/C00318","Conclusion:                    While these data are preliminary and need confirmation they indicate that patients with pancreatic cancer may have a clinically relevant benefit from the inexpensive and well tolerated oral supplementation of L-Carnitine."
"https://www.kegg.jp/entry/C00318","L-Carnitine-supplementation in advanced pancreatic cancer (CARPAN)--a randomized multicentre trial"
"https://www.kegg.jp/entry/C00182","Purpose of review:                    Glycogen storage disorders (GSDs) are inborn errors of metabolism with abnormal storage or utilization of glycogen."
"https://www.kegg.jp/entry/C00714","Results:                    Pectin supplementation reversed body and fat weight gain, dyslipidemia, hyperglycemia and insulin resistance in p,p'-DDE-exposed mice."
"https://www.kegg.jp/entry/C00714","Pectin treatment also significantly reduced p,p'-DDE accumulation in mice tissues during p,p'-DDE exposure but did not change p,p'-DDE metabolism after termination of p,p'-DDE exposure."
"https://www.kegg.jp/entry/C00714","Conclusions:                    Pectin had a good effect on reducing p,p'-DDE-induced obesity through regulating gut microbiota and provided a potential strategy for the treatment of environmental pollutant-caused health problems."
"https://www.kegg.jp/entry/C00714","Pectin reduces environmental pollutant-induced obesity in mice through regulating gut microbiota: A case study of p,p&#39;-DDE"
"https://www.kegg.jp/entry/C00016","Moreover, plasma OT level was lower in FAD women with obesity than in NFA subjects (p = 0.02)."
"https://www.kegg.jp/entry/C00155","Homocysteine, iron and cardiovascular disease: a hypothesis"
"https://www.kegg.jp/entry/C00504","Folic acid is an important vitamin in human nutrition and its deficiency in pregnant women's diets results in neural tube defects and other neurological damage to the fetus."
"https://www.kegg.jp/entry/C05443","The OR for having resistant hypertension and chronic kidney disease, older age and obesity were 2.5 (95% CI 1.5-4; &gt;i&lt;P&gt;/i&lt; &lt; 0.0003), 1.034 (95% CI 1.02-1.07; &gt;i&lt;P&gt;/i&lt; &lt; 0.0001) and 1.048 (95% CI 1.02-1.07; &gt;i&lt;P&gt;/i&lt; &lt; 0.0001) respectively.&gt;b&lt;Conclusion&gt;/b&lt;: This study found a statistically significant association between vitamin D deficiency and resistant hypertension.&gt;b&lt;Abbreviations:&gt;/b&lt; US, United States; NHANES, National Health and Nutrition Examination Survey; UVB, ultraviolet B; PTH, parathyroid hormone; IRB, Institutional Review Board; NCHS, National Centers for Health Statistics; BMI, body mass index; BP, blood pressure; ACE, angiotensin-converting-enzyme; RIA, Radio Immuno Assay; SAS, Statistical Analysis System; 25(OH)D or 25OHD3, 25-hydroxycholecalciferol or 25-hydroxyvitamin D3 or calcifediol or calcidiol; Vitamin D3, cholecalciferol; OR, odds ratio; CI, confidence interval."
"https://www.kegg.jp/entry/C00037","Glycine Attenuates LPS-Induced Apoptosis and Inflammatory Cell Infiltration in Mouse Liver"
"https://www.kegg.jp/entry/C00155","Homocysteine is associated with severity of microvasculopathy in sickle cell disease patients"
"https://www.kegg.jp/entry/C00037","Plasma Glycine and Risk of Acute Myocardial Infarction in Patients With Suspected Stable Angina Pectoris"
"https://www.kegg.jp/entry/C00089","The Role of Fructose, Sucrose and High-fructose Corn Syrup in Diabetes"
"https://www.kegg.jp/entry/C00155","Background:                    Homocysteine is an intermediate metabolite implicated in the risk of placenta-mediated complications, including preeclampsia, placental abruption, fetal growth restriction, and pregnancy loss."
"https://www.kegg.jp/entry/C16439","Leucine coingestion further augments the postexercise muscle protein synthetic response to the ingestion of a single 15-g bolus of protein in older men."
"https://www.kegg.jp/entry/C16439","Leucine coingestion augments the muscle protein synthetic response to the ingestion of 15 g of protein following resistance exercise in older men"
"https://www.kegg.jp/entry/C00155","Homocysteine &gt;14 μmol was associated with a 272 % increased dementia risk (HR = 3.72, 95 % CI 1.06-13.08)."
"https://www.kegg.jp/entry/C00155","Homocysteine was measured at baseline in 201 individuals born in 1921 and without dementia at age 77 years and followed up to age 88 years."
"https://www.kegg.jp/entry/C00155","Homocysteine, antioxidant micronutrients and late onset dementia"
"https://www.kegg.jp/entry/C00379","Xylitol has been widely documented to have dental health benefits, such as reducing the risk for dental caries."
"https://www.kegg.jp/entry/C00379","Xylitol also modulates the immune system, which, together with its antimicrobial activity contribute to a reduced respiratory tract infection, sinusitis, and otitis media risk."
"https://www.kegg.jp/entry/C00504","Folic acid also ameliorates hyperhomocysteinemia, which is a consequence of elevated levels of homocysteine."
"https://www.kegg.jp/entry/C05443","Vitamin D Receptor Genetic Variation and Cancer Biomarkers among Breast Cancer Patients Supplemented with Vitamin D3: A Single-Arm Non-Randomized Before and After Trial"
"https://www.kegg.jp/entry/C05443","The Effect of Vitamin D3 Supplementation on Serum BDNF, Dopamine, and Serotonin in Children with Attention-Deficit/Hyperactivity Disorder"
"https://www.kegg.jp/entry/C00047","Circulating and Extracellular Vesicles Levels of N-(1-Carboxymethyl)-L-Lysine (CML) Differentiate Early to Moderate Alzheimer&#39;s Disease"
"https://www.kegg.jp/entry/C05443","Vitamin D3 supplementation was found to have no effect on the risk for recurrent diarrheal disease in either intention-to-treat (HR, 1.05; 95% CI, 0.98-1.17; P = .15) or per protocol (HR, 1.05; 95% CI, 0.98-1.12; P = .14) analyses."
"https://www.kegg.jp/entry/C00025","Conclusion:                    Glutamate level may represent an interesting potential biomarker of abdominal obesity and metabolic risk."
"https://www.kegg.jp/entry/C00025","Glutamate was strongly correlated with WC (r = 0.66 for men; r = 0.76 for women, both p &lt; 0.0001) and multiple markers of metabolic dysfunction, particularly fasting triglyceride level (r = 0.59 for men; r = 0.57 for women, both p &lt; 0.0001), HDL-cholesterol level (r = -0.45, p &lt; 0.0001 in both sexes) and the HOMA-IR index (r = 0.65 for men; r = 0.60 for women, both p &lt; 0.0001)."
"https://www.kegg.jp/entry/C00120","Biotin and carnitine deficiency due to hypoallergenic formula nutrition in infants with milk allergy"
"https://www.kegg.jp/entry/C00155","Homocysteine and carotid plaque stability: a cross-sectional study in Chinese adults"
"https://www.kegg.jp/entry/C00155","Conclusion:                    Homocysteine levels were positively associated and dietary folate intake was inversely associated with risk of PAD in men but not in women."
"https://www.kegg.jp/entry/C00072","Ascorbate- and zinc-responsive parkinsonism"
"https://www.kegg.jp/entry/C05443","Vitamin D3 (cholecalciferol) can be either synthesized in the human skin upon exposure to the UV light of the sun, or it is obtained from the diet."
"https://www.kegg.jp/entry/C00253","Nicotinic acid (NA) can be metabolized to NAD&gt;sup&lt;+&gt;/sup&lt;; however, the calorie restriction mimetic (CRM) potential of NA is unclear."
"https://www.kegg.jp/entry/C16439","The Effects of Timing of a Leucine-Enriched Amino Acid Supplement on Body Composition and Physical Function in Stroke Patients: A Randomized Controlled Trial"
"https://www.kegg.jp/entry/C00089","The Janus Face of Cereals: Wheat-Derived Prebiotics Counteract the Detrimental Effect of Gluten on Metabolic Homeostasis in Mice Fed a High-Fat/High-Sucrose Diet"
"https://www.kegg.jp/entry/C00155","Elevated Total Homocysteine Levels in Acute Ischemic Stroke Are Associated With Long-Term Mortality"
"https://www.kegg.jp/entry/C05443","Single High-dose Vitamin D3 Supplementation in Pediatric Patients With Inflammatory Bowel Disease and Hypovitaminosis D"
"https://www.kegg.jp/entry/C00714","Pectin from apple inhibits the BabA and LPS-mediated adhesion of H. pylori to human stomach cells."
"https://www.kegg.jp/entry/C00155","Introduction:                    Homocysteine levels have been associated with major depression, but associations with bipolar disorder remain less clear."
"https://www.kegg.jp/entry/C00155","Homocysteine as a potential biomarker in bipolar disorders: a critical review and suggestions for improved studies"
"https://www.kegg.jp/entry/C00155","Homocysteine Status Modifies the Treatment Effect of Omega-3 Fatty Acids on Cognition in a Randomized Clinical Trial in Mild to Moderate Alzheimer&#39;s Disease: The OmegAD Study"
"https://www.kegg.jp/entry/C00504","Folic acid treatment significantly reduced the risk of first ischemic stroke in participants with both folate and B&gt;sub&lt;12&gt;/sub&lt; below the median (2.3% in enalapril-folic acid group vs 3.6% in enalapril-only group; HR, 0.62; 95% CI, 0.46-0.86), particularly in &gt;i&lt;MTHFR&gt;/i&lt; 677 CC carriers (1.6% vs 4.9%; HR, 0.24; 95% CI, 0.11-0.55)."
"https://www.kegg.jp/entry/C16439","Leucine-enriched amino acid ingestion after resistance exercise prolongs myofibrillar protein synthesis and amino acid transporter expression in older men"
"https://www.kegg.jp/entry/C00089","Relation of Total Sugars, Sucrose, Fructose, and Added Sugars With the Risk of Cardiovascular Disease: A Systematic Review and Dose-Response Meta-analysis of Prospective Cohort Studies"
"https://www.kegg.jp/entry/C16439","Leucine restriction (LR) also improved glucose tolerance, increased hepatic release of fibroblast growth factor 21 into the blood stream, and enhanced insulin-dependent activation of Akt in liver."
"https://www.kegg.jp/entry/C00089","&quot;Sucrose, fructose, glucose and their link to metabolic syndrome and cancer&quot;"
"https://www.kegg.jp/entry/C00369","Methods:                    Deoxyribonucleic acid was extracted from urine (n = 74) and serum (n = 6) samples (Protein, Fiber and Metabolic Syndrome [ProFiMet] cohort), and buccal (n = 17) samples (Oral Starch Challenge [OSC] cohort), and assessed for AMY1 CN by droplet digital polymerase chain reaction."
"https://www.kegg.jp/entry/C00378","In response: Letter on update to the Vitamin C, Thiamine and Steroids in Sepsis (VICTAS) protocol"
"https://www.kegg.jp/entry/C00025","At baseline and 6 weeks, subjects underwent MRS at 3 T to investigate changes in brain chemistry, including the neurometabolites: GSH, Glutamate (Glu), Glutamine (Gln) and N-Acetylaspartate (NAA)."
"https://www.kegg.jp/entry/C00155","Homocysteine and small vessel stroke: A mendelian randomization analysis"
"https://www.kegg.jp/entry/C05443","Safety and Efficacy of High-dose Daily Vitamin D3 Supplementation in Children and Young Adults With Sickle Cell Disease"
"https://www.kegg.jp/entry/C00378","Thiamine, a water-soluble vitamin also known as vitamin B1, is a critical cofactor in energy metabolism and may be competitively inhibited by the antimetabolite oxythiamine, a uremic toxin that accumulates in kidney failure."
"https://www.kegg.jp/entry/C16439","Methods:                    We conducted a pragmatic, bicentric, randomized (1:1), assessor-blind controlled trial (Protein, Leucine and Vitamin D Enhancing Rehabilitation [PRO-LEADER]; April 2017 to January 2018) in cognitively intact patients with PD or parkinsonism and undergoing a 30-day MIRT."
"https://www.kegg.jp/entry/C00504","Results:                    Folic acid interventions in Ethiopia would have prevented about 41,610 cases of folic acid-preventable spina bifida and anencephaly-affected pregnancies during the year 2016."
"https://www.kegg.jp/entry/C16439","Leucine-enriched essential amino acid supplementation in mechanically ventilated trauma patients: a feasibility study"
"https://www.kegg.jp/entry/C00378","Methods and design:                    The Vitamin C, Thiamine and Steroids in Sepsis (VICTAS) trial is a multicenter, double-blind, adaptive sample size, randomized, placebo-controlled trial designed to test the efficacy of combination therapy with vitamin C (1.5 g), thiamine (100 mg), and hydrocortisone (50 mg) given every 6 h for up to 16 doses in patients with respiratory or circulatory dysfunction (or both) resulting from sepsis."
"https://www.kegg.jp/entry/C00378","Update to the Vitamin C, Thiamine and Steroids in Sepsis (VICTAS) protocol: statistical analysis plan for a prospective, multicenter, double-blind, adaptive sample size, randomized, placebo-controlled, clinical trial"
"https://www.kegg.jp/entry/C00078","NAD+-Precursor Supplementation With L-Tryptophan, Nicotinic Acid, and Nicotinamide Does Not Affect Mitochondrial Function or Skeletal Muscle Function in Physically Compromised Older Adults"
"https://www.kegg.jp/entry/C00155","Very High Plasma Homocysteine without Malnutrition or Inherited Disorder"
"https://www.kegg.jp/entry/C00155","Homocysteine concentrations are associated with the incidence of stroke but other sulfur-containing compounds in the related metabolic pathway have not yet been investigated for an association with incident cerebrovascular diseases."
"https://www.kegg.jp/entry/C00089","The Impact of a Diet Containing Sucrose and Systematically Repeated Starvation on the Oxidative Status of the Uterus and Ovary of Rats"
"https://www.kegg.jp/entry/C00255","Suboptimal Biochemical Riboflavin Status Is Associated with Lower Hemoglobin and Higher Rates of Anemia in a Sample of Canadian and Malaysian Women of Reproductive Age"
"https://www.kegg.jp/entry/C00025","Background and aims:                    Glutamate, glutamine are involved in energy metabolism, and have been related to cardiometabolic disorders."
"https://www.kegg.jp/entry/C00062","Effects of Beetroot Powder with or without L-Arginine on Postprandial Vascular Endothelial Function: Results of a Randomized Controlled Trial with Abdominally Obese Men"
"https://www.kegg.jp/entry/C00794","Methods:                    Sorbitol was estimated by the fluorometric method in the retina of WNIN/Ob rats at different age (3-, 6- and 12- months), along with their respective lean rats."
"https://www.kegg.jp/entry/C02477","Dynamics of Serum Retinol and Alpha-Tocopherol Levels According to Non-Alcoholic Fatty Liver Disease Status"
"https://www.kegg.jp/entry/C00369","Starch digestibility was lower (&gt;i&lt;p&gt;/i&lt; &lt; 0.05) for dogs fed the basic diet + corn meal."
"https://www.kegg.jp/entry/C16439","A Diet Rich in Fish Oil and Leucine Ameliorates Hypercalcemia in Tumour-Induced Cachectic Mice"
"https://www.kegg.jp/entry/C00504","Folic acid concentrations increased and the percentage of individuals with glucose (40.4% to 3.7%), triglycerides (38% to 7.4%), HDL cholesterol (31 % to 7.4%) and uric acid (70.5% to 11.1%) abnormalities reduced."
"https://www.kegg.jp/entry/C00318","Liver-Oriented Acute Metabolic Effects of A Low Dose of L-Carnitine under Fat-Mobilizing Conditions: Pilot Human Clinical Trial"
"https://www.kegg.jp/entry/C16439","Leucine, a branched amino acid, has anti-obesity effects on glucose tolerance, lipid metabolism, and insulin sensitivity."
"https://www.kegg.jp/entry/C16439","Leucine also modulates mitochondrial dysfunction, representing a new strategy to target aging, neurodegenerative disease, obesity, diabetes, and cardiovascular disease."
"https://www.kegg.jp/entry/C00504","Folic acid in pregnancy and mortality from cancer and cardiovascular disease: further follow-up of the Aberdeen folic acid supplementation trial"
"https://www.kegg.jp/entry/C00378","Thiamine treatment also decreased hyperglycemia and increased the glycogen content of the liver, but it did not improve insulin sensitivity, suggesting that steatosis can be addressed independently of targeting insulin resistance."
"https://www.kegg.jp/entry/C00089","Sucrose consumption can cause obesity and nonalcoholic fatty liver disease (NAFLD)."
"https://www.kegg.jp/entry/C00378","Methods:                    The Vitamin C, Thiamine and Steroids in Sepsis (VICTAS) trial is a prospective, multi-center, double-blind, adaptive sample size, randomized, placebo-controlled trial."
"https://www.kegg.jp/entry/C00378","The Vitamin C, Thiamine and Steroids in Sepsis (VICTAS) Protocol: a prospective, multi-center, double-blind, adaptive sample size, randomized, placebo-controlled, clinical trial"
"https://www.kegg.jp/entry/C00089","Sucrose content was higher in HP and TD than in SD green coffees."
"https://www.kegg.jp/entry/C00714","Highly Branched RG-I Domain Enrichment Is Indispensable for Pectin Mitigating against High-Fat Diet-Induced Obesity"
"https://www.kegg.jp/entry/C16439","Leucine metabolites do not induce changes in phase angle, bioimpedance vector analysis patterns, and strength in resistance trained men"
"https://www.kegg.jp/entry/C16439","A Vitamin D, Calcium and Leucine-Enriched Whey Protein Nutritional Supplement Improves Measures of Bone Health in Sarcopenic Non-Malnourished Older Adults: The PROVIDE Study"
"https://www.kegg.jp/entry/C00147","Adenine-treated animals experienced weight-loss, polyuria and polydipsia; however, these effects were significantly attenuated in adenine-treated Gunn rats."
"https://www.kegg.jp/entry/C00155","Serum Vitamins and Homocysteine Levels in Obsessive-Compulsive Disorder: A Systematic Review and Meta-Analysis"
"https://www.kegg.jp/entry/C05443","Genetic Variations in VDR could Modulate the Efficacy of Vitamin D3 Supplementation on Inflammatory Markers and Total Antioxidant Capacity among Breast Cancer Women: A Randomized Double Blind Controlled Trial"
"https://www.kegg.jp/entry/C05443","The aim of this study is to investigate the possible effect of Vitamin D3 on serum ADMA levels in ulcerative colitis (UC) patients."
"https://www.kegg.jp/entry/C00255","Associations of Dietary Riboflavin, Niacin, and Retinol with Age-related Hearing Loss: An Analysis of Korean National Health and Nutrition Examination Survey Data"
"https://www.kegg.jp/entry/C00369","Starch based gluten-free bread (formulations containing mixture of corn and potato starch with hydrocolloids) are deficient in nutrients and do not contain health promoting compounds."
"https://www.kegg.jp/entry/C00378","Effect of Vitamin C, Thiamine, and Hydrocortisone on Ventilator- and Vasopressor-Free Days in Patients With Sepsis: The VICTAS Randomized Clinical Trial"
"https://www.kegg.jp/entry/C05443","Vitamin D3 Dose Requirement That Raises 25-Hydroxyvitamin D to Desirable Level in Overweight and Obese Elderly"
"https://www.kegg.jp/entry/C00025","Potential of Medicinal Plants as Neuroprotective and Therapeutic Properties Against Amyloid-β-Related Toxicity, and Glutamate-Induced Excitotoxicity in Human Neural Cells"
"https://www.kegg.jp/entry/C05443","Vitamin D3 (cholecalciferol) deficiency has been documented as a persistent problem among adults, children, and elderly persons in most of the countries."
"https://www.kegg.jp/entry/C00061","Using sequence analysis and biochemical characterization, we found that NasN is an NADPH-dependent, diflavin-containing monomeric enzyme composed of a canonical molybdopterin cofactor-binding catalytic domain and an FMN-FAD/NAD-binding, electron-receiving/transferring domain, making it unique among all previously reported hetero-oligomeric NASs."
"https://www.kegg.jp/entry/C00016","Using sequence analysis and biochemical characterization, we found that NasN is an NADPH-dependent, diflavin-containing monomeric enzyme composed of a canonical molybdopterin cofactor-binding catalytic domain and an FMN-FAD/NAD-binding, electron-receiving/transferring domain, making it unique among all previously reported hetero-oligomeric NASs."
"https://www.kegg.jp/entry/C00025","Glutamate and aspartate alleviate testicular/epididymal oxidative stress by supporting antioxidant enzymes and immune defense systems in boars"
"https://www.kegg.jp/entry/C00153","Nicotinamide Ameliorates Dextran Sulfate Sodium-Induced Chronic Colitis in Mice through Its Anti-Inflammatory Properties and Modulates the Gut Microbiota"
"https://www.kegg.jp/entry/C00155","Association of Methionine to Homocysteine Status With Brain Magnetic Resonance Imaging Measures and Risk of Dementia"
"https://www.kegg.jp/entry/C00379","Xylitol enhances synthesis of propionate in the colon via cross-feeding of gut microbiota"
"https://www.kegg.jp/entry/C00155","Homocysteine, B vitamins, and cardiovascular disease: a Mendelian randomization study"
"https://www.kegg.jp/entry/C00037","Dietary Supplementation with Glycine Enhances Intestinal Mucosal Integrity and Ameliorates Inflammation in C57BL/6J Mice with High-Fat Diet-Induced Obesity"
"https://www.kegg.jp/entry/C00155","Results:                    Homocysteine and MDA levels were significantly different between women with preeclampsia and normal pregnancies (&gt;i&lt;p&gt;/i&lt;-value &lt;0.001)."
"https://www.kegg.jp/entry/C16439","Utilization of Hydroxyl-Methyl Butyrate, Leucine, Glutamine and Arginine Supplementation in Nutritional Management of Sarcopenia-Implications and Clinical Considerations for Type 2 Diabetes Mellitus Risk Modulation"
"https://www.kegg.jp/entry/C05443","Vitamin D3 supplementation should be considered in IBS-D patients who suffer from vitamin D deficiency and/or insufficiency."
"https://www.kegg.jp/entry/C05443","Vitamin D3 Supplementation in Diarrhea-Predominant Irritable Bowel Syndrome Patients: The Effects on Symptoms Improvement, Serum Corticotropin-Releasing Hormone, and Interleukin-6 - A Randomized Clinical Trial"
"https://www.kegg.jp/entry/C00016","Various nutritional signals are transduced by two epigenetic pathways: NAD-dependent sirtuin Sirt1 (NAD&gt;sup&lt;+&gt;/sup&lt;-Sirt1) deacetylase and flavin adenine dinucleotide-dependent lysine-specific demethylase 1 (FAD-LSD1)."
"https://www.kegg.jp/entry/C00016","Distinct Roles of the NAD +-Sirt1 and FAD-LSD1 Pathways in Metabolic Response and Tissue Development"
"https://www.kegg.jp/entry/C05443","Vitamin D3 supplementation improves serum SFRP5 and Wnt5a levels in patients with type 2 diabetes: A randomized, double-blind, placebo-controlled trial"
"https://www.kegg.jp/entry/C00155","Homocysteine-lowering exercise effect is greater in hyperhomocysteinemic people living with HIV: a randomized clinical trial"
"https://www.kegg.jp/entry/C00378","Introduction:                    Thiamine (vitamin B1) deficiency remains a concern in Cambodia where women with low thiamine intake produce thiamine-poor milk, putting their breastfed infants at risk of impaired cognitive development and potentially fatal infantile beriberi."
"https://www.kegg.jp/entry/C00378","Thiamine fortification of salt is a potentially low-cost, passive means of combating thiamine deficiency; however, both the dose of thiamine required to optimise milk thiamine concentrations as well as usual salt intake of lactating women are unknown."
"https://www.kegg.jp/entry/C05443","Vitamin D3 might improve headache characteristics and protect against inflammation in migraine: a randomized clinical trial"
"https://www.kegg.jp/entry/C00155","Association of Leukocyte Telomere Length with Mild Cognitive Impairment and Alzheimer&#39;s Disease: Role of Folate and Homocysteine"
"https://www.kegg.jp/entry/C00120","Association between Serum Biotin Levels and Cedar Pollinosis in Japanese Schoolchildren"
"https://www.kegg.jp/entry/C00089","High Levels of Dietary Lard or Sucrose May Aggravate Lysosomal Renal Injury in Non-Obese, Streptozotocin-Injected CD-1 Mice Provided Isocaloric Diets"
"https://www.kegg.jp/entry/C00714","Pectin has shown immunomodulatory effects on allergies, although the underlying mechanisms still need to be elucidated."
"https://www.kegg.jp/entry/C00714","The Dietary Fiber Pectin: Health Benefits and Potential for the Treatment of Allergies by Modulation of Gut Microbiota"
"https://www.kegg.jp/entry/C00037","Glycine increases fat-free mass in malnourished haemodialysis patients: a randomized double-blind crossover trial"
"https://www.kegg.jp/entry/C00089","Results:                    Sucrose consumption was associated with a higher odds and fiber consumption with a lower odds of ADT after accounting for age, race/ethnicity, body mass index, and tumor characteristics (odds ratio [OR] (95% confidence interval [CI]) 5.68 (1.71, 18.9) for 3rd vs. 1st sucrose tertile and 0.88 (0.81, 0.96) per gram of fiber/day, respectively)."
"https://www.kegg.jp/entry/C00318","Conclusion:                    L-Carnitine could be a valuable dietary supplement in patients with type II diabetes who follow a Mediterranean diet and are under recommended treatment."
"https://www.kegg.jp/entry/C00318","L-Carnitine as a Diet Supplement in Patients With Type II Diabetes"
"https://www.kegg.jp/entry/C00378","Thiamine-responsive acute severe pulmonary hypertension in exclusively breastfeeding infants: a prospective observational study"
"https://www.kegg.jp/entry/C00318","L-Carnitine&#39;s Effect on the Biomarkers of Metabolic Syndrome: A Systematic Review and Meta-Analysis of Randomized Controlled Trials"
"https://www.kegg.jp/entry/C00155","Prognostic Significance of Homocysteine Level on Neurological Outcome in Brain Arteriovenous Malformations"
"https://www.kegg.jp/entry/C00378","A Case Report of Nonalcoholic Gayet-Wernicke Encephalopathy: Don&#39;t Miss Thiamine"
"https://www.kegg.jp/entry/C00037","Glycine supplementation has been reported to alleviate lipopolysaccharide (LPS)-induced lung injury in mice."
"https://www.kegg.jp/entry/C00037","Glycine Attenuates Lipopolysaccharide-Induced Acute Lung Injury by Regulating NLRP3 Inflammasome and NRF2 Signaling"
"https://www.kegg.jp/entry/C00116","Valorization of Crude Glycerol, Residue Deriving from Biodiesel- Production Process, with the Use of Wild-type New Isolated Yarrowia lipolytica Strains: Production of Metabolites with Pharmaceutical and Biotechnological Interest"
"https://www.kegg.jp/entry/C00504","Folic acid is a well-known essential nutrient whose deficiency has been linked to neurocognitive dysfunctions, owing to hyperhomocysteinemia, an independent risk factor for cardio- and cerebrovascular diseases, including cognitive impairment, Alzheimer's Disease, and vascular dementia."
"https://www.kegg.jp/entry/C00718","Amylose content and starch crystallinity in corn decreased significantly (&gt;i&lt;p&gt;/i&lt; &lt; 0.05) at an irradiation dose higher than 20 kGy."
"https://www.kegg.jp/entry/C00155","Homocysteine effects on brain atrophy rate were modified by iron and cysteine."
"https://www.kegg.jp/entry/C00369","Starch hydrolysis during mashing: A study of the activity and thermal inactivation kinetics of barley malt α-amylase and β-amylase"
"https://www.kegg.jp/entry/C01673","Calcitriol Suppresses Warburg Effect and Cell Growth in Human Colorectal Cancer Cells"
"https://www.kegg.jp/entry/C00369","Starch plays a crucial role in the stabilization and dispersion of Se NPs, as noticed from the TEM and EDS investigations."
"https://www.kegg.jp/entry/C00025","High Plasma Glutamate and a Low Glutamine-to-Glutamate Ratio Are Associated with Increased Risk of Heart Failure but Not Atrial Fibrillation in the Prevención con Dieta Mediterránea (PREDIMED) Study"
"https://www.kegg.jp/entry/C00255","Background:                    Riboflavin is required for erythropoiesis, which is increased in people with hemoglobinopathies due to increased hemolysis and erythrocyte turnover."
"https://www.kegg.jp/entry/C00155","Results:                    Homocysteine level was higher in subjects with depression in comparison with healthy controls (weight mean difference = 2.53 µmol/L, 95% confidence interval: 1.77, 3.30), and the depression diagnostic tool was a source of heterogeneity."
"https://www.kegg.jp/entry/C00155","Homocysteine level was significantly higher in subjects with depression in studies that used Diagnostic and Statistical Manual of Mental Disorders-IV (DSM-IV), Geriatric Depression Scale (GDS), Zung Self-Rating Depression Scale (ZDRS) and Beck Depression Index II (BDI-II) as depression diagnostic tools."
"https://www.kegg.jp/entry/C00025","Glutamate interactions with obesity, insulin resistance, cognition and gut microbiota composition"
"https://www.kegg.jp/entry/C00714","Background and objectives:                    Pectin-containing liquid enteral nutrition (PCLEN) contains pectin, which becomes solid in the stomach and therefore mitigates vomiting and diarrhea."
"https://www.kegg.jp/entry/C00072","Ascorbate status was higher in women than in men, and exercising patients had higher levels than sedentary patients."
"https://www.kegg.jp/entry/C16439","Leucine and branched-chain amino acid metabolism contribute to the growth of bone sarcomas by regulating AMPK and mTORC1 signaling"
"https://www.kegg.jp/entry/C00237","The single-breath method was used to measure the lung diffusing capacity for carbon monoxide (DLCO and the transfer coefficient of the lungs for carbon monoxide (K&lt;inf&gt;CO&lt;/inf&gt;) before and after 10 training sessions over 4 weeks along 207 pre- to postevaluations."
"https://www.kegg.jp/entry/C00237","Results:                    Swimming training consistently decreased lung diffusion capacity during the follow-up period, both DL&lt;inf&gt;CO&lt;/inf&gt; (44.4±8.1 to 43.3±8.9 mL·min-1·mmHg-1, P=0.047, ŋ&gt;sup&lt;2&gt;/sup&lt;&lt;inf&gt;p&lt;/inf&gt;=0.55) and K&lt;inf&gt;CO&lt;/inf&gt; (5.92±0.79 to 5.70±0.81 mL·min-1·mmHg-1·L-1, P=0.003, ŋ&gt;sup&lt;2&gt;/sup&lt;&lt;inf&gt;p&lt;/inf&gt;=0.75)."
"https://www.kegg.jp/entry/C00237","Conclusions:                    Elite swimmers experience a subclinical impairment in lung diffusing capacity after swimming exercise, but the stress caused by swimming on the lungs and the acute reduction in DL&lt;inf&gt;CO&lt;/inf&gt; does not lead to physiological dysfunction."
"https://www.kegg.jp/entry/C00378","Thiamine can deplete rapidly in CD and UC, which can lead to Wernicke's encephalopathy (WE), is an acute neurologic disorder."
"https://www.kegg.jp/entry/C00072","Ascorbate concentrations were positively correlated with ferritin concentrations in Caco-2 cells - an accurate predictor of Fe bioavailability in human digestion - exposed to &gt;i&lt;in vitro&gt;/i&lt; digests of NS and 35S-&gt;i&lt;OsGGP&gt;/i&lt; BR and GBR samples."
"https://www.kegg.jp/entry/C00072","Ascorbate concentrations were negligible in both null segregant (NS) and 35S-&gt;i&lt;OsGGP&gt;/i&lt; brown rice (BR, unpolished grain), but significantly increased in 35S-&gt;i&lt;OsGGP&gt;/i&lt; germinated brown rice (GBR) relative to NS."
"https://www.kegg.jp/entry/C00369","Starch Digestion-Related Amylase Genetic Variants, Diet, and Changes in Adiposity: Analyses in Prospective Cohort Studies and a Randomized Dietary Intervention"
"https://www.kegg.jp/entry/C00037","Glycine concentrations in serum and liver were markedly lower in obese versus lean rats."
"https://www.kegg.jp/entry/C00072","Ascorbate attenuates cycling exercise-induced neuromuscular fatigue but fails to improve exertional dyspnea and exercise tolerance in COPD"
"https://www.kegg.jp/entry/C00255","Riboflavin intervention may thus offer a personalised approach to prevent the onset of hypertension in adults with the TT genotype; however, this requires confirmation in a randomised trial in non-hypertensive adults."
"https://www.kegg.jp/entry/C00255","Riboflavin supplementation alters global and gene-specific DNA methylation in adults with the MTHFR 677 TT genotype"
"https://www.kegg.jp/entry/C00155","Homocysteine concentrations in nonobese patients with polycystic ovarian syndrome (PCOS) were lower than obese patients with PCOS (SMD = 0.48, 95% CI = 0.20-0.77, P &lt; .01; I&gt;sup&lt;2 &gt;/sup&lt; = 39% and P = .18 for heterogeneity)."
"https://www.kegg.jp/entry/C00504","What is Known: • Folic acid is an essential micronutrient for optimal growth and development; its deficit is associated with adverse health effects."
"https://www.kegg.jp/entry/C00155","Diagnostic Accuracy of Holotranscobalamin, Vitamin B12, Methylmalonic Acid, and Homocysteine in Detecting B12 Deficiency in a Large, Mixed Patient Population"
"https://www.kegg.jp/entry/C16439","Leucine-rich alpha 2 glycoprotein is a new marker for active disease of tuberculosis"
"https://www.kegg.jp/entry/C00369","Starch may change from typical single endotherm to biphasic endotherm (G1, G2) by HMT which corresponded to two viscosity peaks (PV&gt;sub&lt;1&gt;/sub&lt; and PV&gt;sub&lt;2&gt;/sub&lt;) in pasting analysis."
"https://www.kegg.jp/entry/C00504","Background:                    Folic acid has been shown to improve non-alcoholic steatohepatitis (NASH), but its roles in hepatic lipid metabolism, hepatic one-carbon metabolism, and gut microbiota are still unknown."
"https://www.kegg.jp/entry/C00504","Results:                    Folic acid treatment attenuated steatosis, lobular inflammation, and hepatocellular ballooning in rats with HFD-induced steatohepatitis."
"https://www.kegg.jp/entry/C00504","Folic acid attenuates high-fat diet-induced steatohepatitis via deacetylase SIRT1-dependent restoration of PPARα"
"https://www.kegg.jp/entry/C05443","The effects of Vitamin D3 supplementation on Spermatogram and endocrine factors in asthenozoospermia infertile men: a randomized, triple blind, placebo-controlled clinical trial"
"https://www.kegg.jp/entry/C00369","Starch-guest ICs has a great potential to be a delivery system, as most existing studies demonstrated the enhancement on guest retention and the possibility of controlled release."
"https://www.kegg.jp/entry/C00318","Novel Cardioprotective Effect of L-Carnitine on Obese Diabetic Mice: Regulation of Chemerin and CMKLRI Expression in Heart and Adipose Tissues"
"https://www.kegg.jp/entry/C05443","Correlating Circulating Vitamin D3 with Aspects of the Metabolic Syndrome and Nonalcoholic Fatty Liver Disease in Healthy Female Volunteers"
"https://www.kegg.jp/entry/C00369","The Perspective of Nectarine Fruit as a Sugar Substituent in Puddings Prepared with Corn and Rice Starch"
"https://www.kegg.jp/entry/C00062","L-Arginine Ameliorates Defective Autophagy in GM2 Gangliosidoses by mTOR Modulation"
"https://www.kegg.jp/entry/C00794","Sorbitol was the most commonly used LCS (2.9%)."
"https://www.kegg.jp/entry/C00318","L-Carnitine Tartrate Downregulates the ACE2 Receptor and Limits SARS-CoV-2 Infection"
"https://www.kegg.jp/entry/C02477","Circulating Alpha-Tocopherol Levels, Bone Mineral Density, and Fracture: Mendelian Randomization Study"
"https://www.kegg.jp/entry/C00153","Cross-Sectional Associations between Dietary Daily Nicotinamide Intake and Patient-Reported Outcomes in Colorectal Cancer Survivors, 2 to 10 Years Post-Diagnosis"
"https://www.kegg.jp/entry/C05441","Vitamin D2 may play a role in preventing vitamin D deficiency in Chinese children aged 3-5 years."
"https://www.kegg.jp/entry/C16439","Leucine has been shown to improve obesity-related metabolic signatures; however, evidence for the effect of leucine on IMCL and the underlying mechanisms are still lacking."
"https://www.kegg.jp/entry/C00078","Dietary L-Tryptophan Regulates Colonic Serotonin Homeostasis in Mice with Dextran Sodium Sulfate-Induced Colitis"
"https://www.kegg.jp/entry/C05443","Laboratory investigations of hypercalcemia involve testing of various biochemical parameters such as parathyroid hormone (PTH), 25-(OH) Vitamin D (25-(OH) VitD), 1,25-(OH)&gt;sub&lt;2&gt;/sub&lt; Vitamin D3 (calcitriol) and PTH related peptide (PTHrp)."
"https://www.kegg.jp/entry/C00025","Chlorogenic Acid Decreases Glutamate Release from Rat Cortical Nerve Terminals by P/Q-Type Ca 2+ Channel Suppression: A Possible Neuroprotective Mechanism"
"https://www.kegg.jp/entry/C00089","NO x-, IL-1β-, TNF-α-, and IL-6-Inhibiting Effects and Trypanocidal Activity of Banana ( Musa acuminata) Bracts and Flowers: UPLC-HRESI-MS Detection of Phenylpropanoid Sucrose Esters"
"https://www.kegg.jp/entry/C00089","Pomegranate Extract Improves Colitis in IL-10 Knockout Mice Fed a High Fat High Sucrose Diet"
"https://www.kegg.jp/entry/C00864","Pantothenate, formic acid and glycine were downregulated by obesity, while formic acid, dimethylamine and galactose were downregulated in pre-GDM."
"https://www.kegg.jp/entry/C02477","Methods:                    We measured serum metabolites using untargeted metabolomics in 1:1 matched nested case-control studies of liver cancer (n = 221 cases) and fatal liver disease (n = 242 cases) in the Alpha-Tocopherol, Beta-Carotene Cancer Prevention cohort (n = 29 133)."
"https://www.kegg.jp/entry/C00318","The effect of L-Carnitine supplementation on clinical symptoms, C-reactive protein and malondialdehyde in obese women with knee osteoarthritis: a double blind randomized controlled trial"
"https://www.kegg.jp/entry/C16439","The Association Between Leucine and Diabetic Nephropathy in Different Gender: A Cross-Sectional Study in Chinese Patients With Type 2 Diabetes"
"https://www.kegg.jp/entry/C00155","Associations of Homocysteine with B Vitamins and Zinc in Serum Levels of Patients with Type 2 Diabetes Mellitus: A Cross-Sectional Study"
"https://www.kegg.jp/entry/C00089","Sucrose as the carbon source, (NH&gt;sub&lt;4&gt;/sub&lt;)&gt;sub&lt;2&gt;/sub&lt;HPO&gt;sub&lt;4&gt;/sub&lt; as the nitrogen source, CaCl&gt;sub&lt;2&gt;/sub&lt; as the metal ion were obtained."
"https://www.kegg.jp/entry/C05443","Influence of Vitamin D3 Levels and T Cell-Related Cytokines in Human Milk on Coronavirus Disease 2019 Infection in Lactating Women"
"https://www.kegg.jp/entry/C01673","Background:                    Calcitriol, the active form of vitamin D, may inhibit colorectal cancer (CRC) progression, which has been mechanistically linked to an attenuation of a pro-inflammatory state."
"https://www.kegg.jp/entry/C00116","Glycerol and fatty acid release were measured as marker of lipid hydrolysis following starvation and β-adrenergic stimulation."
"https://www.kegg.jp/entry/C00155","Association of Homocysteine, Methionine, and MTHFR 677C&gt;T Polymorphism With Rate of Cardiovascular Multimorbidity Development in Older Adults in Sweden"
"https://www.kegg.jp/entry/C16439","Two groups were fed with a control diet (18% protein): Control (C) and Walker 256 tumour-bearing (W), and two other groups were fed with a leucine-rich diet (18% protein + 3% leucine): Leucine Control (L) and Leucine Walker 256 tumour-bearing (LW)."
"https://www.kegg.jp/entry/C16439","Leucine-Rich Diet Improved Muscle Function in Cachectic Walker 256 Tumour-Bearing Wistar Rats"
"https://www.kegg.jp/entry/C00025","In this study, two novel ACE inhibitory peptides of Val-Glu-Arg-Gly-Arg-Arg-lle-Thr-Ser-Val (Valine-Glutamate-Arginine-Glycine-Arginine-Arginine-Isoleucine-Threonine-Serine-Valine, VERGRRITSV) and Phe-Val-Ile-Glu-Pro-Asn-Ile-Thr-Pro-Ala (Phenylalanine-Valine-Isoleucine-Glutamate-Proline-Asparagine-Isoleucine-Threonine-Proline-Alanine, FVIEPNITPA) were isolated and purified from defatted walnut meal hydrolysates through a series of preparation processes including ultrafiltration, Sephadex G-15 gel chromatography, and reverse high performance liquid chromatography (RP-HPLC)."
"https://www.kegg.jp/entry/C00037","In this study, two novel ACE inhibitory peptides of Val-Glu-Arg-Gly-Arg-Arg-lle-Thr-Ser-Val (Valine-Glutamate-Arginine-Glycine-Arginine-Arginine-Isoleucine-Threonine-Serine-Valine, VERGRRITSV) and Phe-Val-Ile-Glu-Pro-Asn-Ile-Thr-Pro-Ala (Phenylalanine-Valine-Isoleucine-Glutamate-Proline-Asparagine-Isoleucine-Threonine-Proline-Alanine, FVIEPNITPA) were isolated and purified from defatted walnut meal hydrolysates through a series of preparation processes including ultrafiltration, Sephadex G-15 gel chromatography, and reverse high performance liquid chromatography (RP-HPLC)."
"https://www.kegg.jp/entry/C00089","A Pilot Study Comparing the Effects of Consuming 100% Orange Juice or Sucrose-Sweetened Beverage on Risk Factors for Cardiometabolic Disease in Women"
"https://www.kegg.jp/entry/C00037","Conclusions:                    Glycine supplementation is a nutritional strategy that may ameliorate C. rodentium-induced colitis by regulating ATF6α-CHOP-mediated ER stress and enhancing the abundance of Lactobacillus."
"https://www.kegg.jp/entry/C00037","Glycine supplementation is reported to reduce inflammatory responses in experimental colitis."
"https://www.kegg.jp/entry/C00037","Glycine suppresses the activation and infiltration of inflammatory cells, and secretion of pro-inflammatory cytokines in the colon tissues."
"https://www.kegg.jp/entry/C00037","Glycine Attenuates Citrobacter rodentium-Induced Colitis by Regulating ATF6-Mediated Endoplasmic Reticulum Stress in Mice"